"","Period.in.Future","Prediction.for.Credit.in.Millions"
"1",1,1.70446383008983
"2",2,1.73057656707186
"3",3,1.77536349917376
"4",4,1.81495905274494
"5",5,1.81468379136653
"6",6,1.8466037201506
"7",7,1.81953602178919
"8",8,1.79973290866652
"9",9,1.7949576753167
"10",10,1.77731728300609
"11",11,1.77379058029364
"12",12,1.771641050583
